_MEMBER_Geneid,_LogP_Geneid,GO,_PATTERN_,_RANK_,GiniIndex,Category,CategoryID,Description,Hits,PARENT_GO,LogP,Enrichment,Z-score,#TotalGeneInLibrary,#GeneInGO,#GeneInHitList,#GeneInGOAndHitList,%InGO,STDV %InGO,GeneID,Log(q-value),EvidenceCutoff,GROUP_ID,FirstInGroupByEnrichment,FirstInGroupByLogP,BestLogPInGroup,BestEnrichmentInGroup,URL
1,-4.269709738,WP512,M1,1,0,WikiPathways,27,Id signaling pathway,Acvrl1|Atf3|Id2|Smad3|Tcf7l2,,-4.269709738,12.25729316,7.227626649,20504,51,164,5,3.048780488,1.342510813,11482|11910|15902|17127|21416,-0.510108142,0,2,1,1,-4.269709738,12.25729316,
1,-4.110549954,GO:0030036,M1,1,0,GO Biological Processes,19,actin cytoskeleton organization,Cdh1|Epb41l3|Smad3|Myh6|Pak1|Sptb|Sdc4|Tnnt3|Vill|Zyx|Smtn|Nox4|Spag6l|Tmod4|Mical3|Ctnna3|Gm14137,19_GO:0009987 cellular process,-4.110549954,2.919525596,4.735278496,20504,728,164,17,10.36585366,2.380221403,12550|13823|17127|17888|18479|20741|20971|21957|22351|22793|29856|50490|50525|50874|194401|216033|623781,-0.510108142,0,1,0,0,-5.116968819,12.19750149,
1,-3.424525276,ko04650,M1,1,0,KEGG Pathway,24,Natural killer cell mediated cytotoxicity,Ifngr1|Ncr1|Pak1|Prf1|Prkcg|Ppp3ca,,-3.424525276,6.357172385,5.240416083,20504,118,164,6,3.658536585,1.466014941,15979|17086|18479|18646|18752|19055,-0.333450791,0,7,1,1,-3.424525276,6.357172385,
1,-3.161319803,ko04020,M1,1,0,KEGG Pathway,24,Calcium signaling pathway,Adrb2|Cacna1e|Camk2a|Gna15|Phka1|Prkcg|Ppp3ca,,-3.161319803,4.782353725,4.614985109,20504,183,164,7,4.268292683,1.578458158,11555|12290|12322|14676|18679|18752|19055,-0.255651502,0,6,0,0,-3.457842086,11.90708479,
1,-2.819586272,ko04390,M1,1,0,KEGG Pathway,24,Hippo signaling pathway,Cdh1|Id2|Smad3|Tcf7l2|Pard6b|Ctnna3,,-2.819586272,4.871080139,4.329776425,20504,154,164,6,3.658536585,1.466014941,12550|15902|17127|21416|58220|216033,-0.255651502,0,2,0,0,-4.269709738,12.25729316,