_MEMBER_Geneid,_LogP_Geneid,GO,_PATTERN_,_RANK_,GiniIndex,Category,CategoryID,Description,Hits,PARENT_GO,LogP,Enrichment,Z-score,#TotalGeneInLibrary,#GeneInGO,#GeneInHitList,#GeneInGOAndHitList,%InGO,STDV %InGO,GeneID,Log(q-value),EvidenceCutoff,GROUP_ID,FirstInGroupByEnrichment,FirstInGroupByLogP,BestLogPInGroup,BestEnrichmentInGroup,URL
1,-3.820452971,WP512,M1,1,0,WikiPathways,27,Id signaling ,Acvrl1|Atf3|Id1|Smad3|Tcf7l2,,-3.820452971,9.842180775,6.341629066,20580,51,205,5,2.43902439,1.077380742,11482|11910|15901|17127|21416,-0.745973908,0,9,1,1,-3.820452971,9.842180775,
1,-3.629838229,GO:0007179,M1,1,0,GO Biological Processes,19,transforming growth factor beta receptor signaling ,Acvrl1|Ptk2|Smad3|Zyx|Bambi|Nrros,19_GO:0023052 signaling,-3.629838229,6.923465097,5.553578889,20580,87,205,6,2.926829268,1.177257245,11482|14083|17127|22793|68010|224109,-0.704451879,0,12,1,1,-3.629838229,6.923465097,
1,-3.522678274,mmu04310,M1,1,0,KEGG Pathway,24,Wnt signaling ,Lef1|Smad3|Myc|Ppp3ca|Siah1a|Tcf7l2|Tle1|Bambi,,-3.522678274,4.752200895,4.912895754,20580,169,205,8,3.902439024,1.352531271,16842|17127|17869|19055|20437|21416|21885|68010,-0.704451879,0,3,0,0,-4.550030994,30.11707317,
1,-3.00451502,mmu04151,M1,1,0,KEGG Pathway,24,PI3K-Akt signaling ,Bcl2|Col4a1|Ptk2|Fn1|Il4ra|Il7r|Myc|Pik3r1|Ywhaq|Pik3r5|Tnn,,-3.00451502,3.076024186,3.980325363,20580,359,205,11,5.365853659,1.573861153,12043|12826|14083|14268|16190|16197|17869|18708|22630|320207|329278,-0.550200634,0,2,0,0,-4.764203312,7.556254917,
1,-2.993060103,mmu04390,M1,1,0,KEGG Pathway,24,Hippo signaling ,Id1|Lef1|Smad3|Myc|Tcf7l2|Ywhaq|Bbc3,,-2.993060103,4.475998136,4.385406417,20580,157,205,7,3.414634146,1.2683842,15901|16842|17127|17869|21416|22630|170770,-0.550200634,0,3,0,0,-4.550030994,30.11707317,
1,-2.816856662,WP265,M1,1,0,WikiPathways,27,Delta-Notch signaling ,Lef1|Smad3|Mfng|Pik3r1|Tle1,,-2.816856662,5.975609756,4.583441081,20580,84,205,5,2.43902439,1.077380742,16842|17127|17305|18708|21885,-0.523108311,0,3,0,0,-4.550030994,30.11707317,
1,-2.165246843,mmu04630,M1,1,0,KEGG Pathway,24,JAK-STAT signaling ,Bcl2|Ifngr1|Il4ra|Il7r|Myc|Pik3r1,,-2.165246843,3.585365854,3.375002703,20580,168,205,6,2.926829268,1.177257245,12043|15979|16190|16197|17869|18708,-0.214019798,0,2,0,0,-4.764203312,7.556254917,