_MEMBER_Geneid,_LogP_Geneid,GO,_PATTERN_,_RANK_,GiniIndex,Category,CategoryID,Description,PARENT_GO,LogP,Enrichment,Z-score,#TotalGeneInLibrary,#GeneInGO,#GeneInHitList,#GeneInGOAndHitList,%InGO,STDV %InGO,GeneID,Hits,Log(q-value),EvidenceCutoff,GROUP_ID,FirstInGroupByEnrichment,FirstInGroupByLogP,BestLogPInGroup,BestEnrichmentInGroup,URL
1,-4.467519902,GO:0070613,M1,1,0,GO Biological Processes,19,regulation of protein processing,19_GO:0008152 metabolic process,-4.467519902,13.55731225,7.659093592,20580,69,110,5,4.545454545,1.98605204,17387|20112|58992|72293|215095,Mmp14|Rps6ka2|F12|Nkd2|Astl,-1.356592214,0,3,0,0,-4.781113293,25.80564263,
1,-3.393958121,mmu03010,M1,1,0,KEGG Pathway,24,Ribosome,,-3.393958121,6.271203657,5.192304317,20580,179,110,6,5.454545455,2.165226168,19981|20088|56040|67427|114641|269261,Rpl37a|Rps24|Rplp1|Rps20|Rpl31|Rpl12,-0.541501588,0,1,0,0,-6.112735174,13.78564593,
1,-2.519566428,GO:0002673,M1,1,0,GO Biological Processes,19,regulation of acute inflammatory response,19_GO:0050896 response to stimulus,-2.519566428,10.39393939,5.066896421,20580,54,110,3,2.727272727,1.55297151,14127|14130|58992,Fcer1g|Fcgr2b|F12,0,0,7,1,1,-2.519566428,10.39393939,
1,-2.20087192,GO:0030595,M1,1,0,GO Biological Processes,19,leukocyte chemotaxis,19_GO:0040011 locomotion,-2.20087192,5.462508295,3.841639078,20580,137,110,4,3.636363636,1.784817849,12273|14127|20305|20308,C5ar1|Fcer1g|Ccl6|Ccl9,0,0,5,0,0,-3.176051827,10.11302211,