_MEMBER_Geneid,_LogP_Geneid,GO,_PATTERN_,_RANK_,GiniIndex,Category,CategoryID,Description,Hits,PARENT_GO,LogP,Enrichment,Z-score,#TotalGeneInLibrary,#GeneInGO,#GeneInHitList,#GeneInGOAndHitList,%InGO,STDV %InGO,GeneID,Log(q-value),EvidenceCutoff,GROUP_ID,FirstInGroupByEnrichment,FirstInGroupByLogP,BestLogPInGroup,BestEnrichmentInGroup,URL
1,-2.734559347,GO:0001818,M1,1,0,GO Biological Processes,19,negative regulation of cytokine production,Cd83|Il1r2|Lbp|Ptprs|Rel|Tgfb3|Pdcd1lg2|Erbin|Ubr5|Havcr2,19_GO:0048519 negative regulation of biological process,-2.734559347,3.036114717,3.742900613,20580,296,229,10,4.366812227,1.350419915,12522|16178|16803|19280|19696|21809|58205|59079|70790|171285,-0.185001144,0,18,1,1,-2.734559347,4.048152956,
1,-2.566469554,GO:0045580,M1,1,0,GO Biological Processes,19,regulation of T cell differentiation,Cd83|Egr3|Il7|Myb|Sh3rf1|Cyld|Itpkb,19_GO:0002376 immune system process,-2.566469554,3.766963889,3.808424117,20580,167,229,7,3.056768559,1.137554686,12522|13655|16196|17863|59009|74256|320404,-0.123550577,0,1,0,0,-6.122174631,6.912999664,
1,-2.551919744,mmu04015,M1,1,0,KEGG Pathway,24,Rap1 signaling ,Calm3|Csf1|Fgf2|Igf1r|Pik3r3|Rapgef1|Rap1a|Rapgef5,,-2.551919744,3.359588622,3.680673614,20580,214,229,8,3.493449782,1.213355063,12315|12977|14173|16001|18710|107746|109905|217944,-0.123550577,0,11,0,0,-3.045724495,6.706641465,
1,-2.50982006,GO:0030111,M1,1,0,GO Biological Processes,19,regulation of Wnt signaling ,Aspm|Fgf2|Hic1|Itga3|Ubr5|Cyld|Prickle1|Rapgef1|Rnf43|Dixdc1,19_GO:0023052 signaling,-2.50982006,2.826069045,3.481180937,20580,318,229,10,4.366812227,1.350419915,12316|14173|15248|16400|70790|74256|106042|107746|207742|330938,-0.119786965,0,24,1,1,-2.50982006,2.826069045,
1,-2.171289364,GO:0046328,M1,1,0,GO Biological Processes,19,regulation of JNK cascade,Igf1r|Naip6|Sh3rf1|Cyld|Rapgef1|Dixdc1,19_GO:0023052 signaling,-2.171289364,3.594759825,3.383339733,20580,150,229,6,2.620087336,1.055540334,16001|17952|59009|74256|107746|330938,-0.01180789,0,21,0,0,-2.636709907,3.594759825,
1,-2.145609882,mmu04151,M1,1,0,KEGG Pathway,24,PI3K-Akt signaling ,Areg|Csf1|Fgf2|Igf1r|Il7|Itga3|Myb|Pik3r3|Tnc|Gng11,,-2.145609882,2.503314642,3.048125152,20580,359,229,10,4.366812227,1.350419915,11839|12977|14173|16001|16196|16400|17863|18710|21923|66066,-0.005379007,0,11,0,0,-3.045724495,6.706641465,