_MEMBER_Geneid,_LogP_Geneid,GO,_PATTERN_,_RANK_,GiniIndex,Category,CategoryID,Description,PARENT_GO,LogP,Enrichment,Z-score,#TotalGeneInLibrary,#GeneInGO,#GeneInHitList,#GeneInGOAndHitList,%InGO,STDV %InGO,GeneID,Hits,Log(q-value),EvidenceCutoff,GROUP_ID,FirstInGroupByEnrichment,FirstInGroupByLogP,BestLogPInGroup,BestEnrichmentInGroup,URL
1,-2.644000866062812,GO:0007423,M1,1,0,GO Biological Processes,19,sensory organ development,19_GO:0032502 developmental process,-2.644000866062812,6.93221052631579,4.578229034719405,20580,625,19,4,21.05263157894737,9.352877017248828,12550|18514|108072|252973,Cdh1|Pbx1|Grm6|Grhl2,0.0,0,1,1,1,-2.644000866062812,8.043251693590411,
1,-2.239600504640629,GO:0001654,M1,1,0,GO Biological Processes,19,eye development,19_GO:0032502 developmental process,-2.239600504640629,8.043251693590411,4.346234689752714,20580,404,19,3,15.789473684210526,8.36546751830554,18514|108072|252973,Pbx1|Grm6|Grhl2,0.0,0,1,0,0,-2.644000866062812,8.043251693590411,
1,-2.230696923166472,GO:0150063,M1,1,0,GO Biological Processes,19,visual system development,19_GO:0032502 developmental process,-2.230696923166472,7.983964826070089,4.325943284496994,20580,407,19,3,15.789473684210526,8.36546751830554,18514|108072|252973,Pbx1|Grm6|Grhl2,0.0,0,1,0,0,-2.644000866062812,8.043251693590411,
1,-2.218935948421468,GO:0048880,M1,1,0,GO Biological Processes,19,sensory system development,19_GO:0032502 developmental process,-2.218935948421468,7.90626200537841,4.299209371610582,20580,411,19,3,15.789473684210526,8.36546751830554,18514|108072|252973,Pbx1|Grm6|Grhl2,0.0,0,1,0,0,-2.644000866062812,8.043251693590411,
1,-2.6104103188686416,GO:0006909,M1,1,0,GO Biological Processes,19,phagocytosis,19_GO:0051179 localization,-2.6104103188686416,10.904274108089014,5.235307695654332,20580,298,19,3,15.789473684210526,8.36546751830554,14131|17101|19376,Fcgr3|Lyst|Rab34,0.0,0,2,1,1,-2.6104103188686416,10.904274108089014,
